date,type,category,amount,description
2022-01-01,Expenses,Apartment II Rental,3750000.0,
2022-01-02,Expenses,Apartment I Service Fee,1200000.0,
2022-01-03,Expenses,Apartment II Service Fee,1450000.0,
2022-01-04,Expenses,Apartment I Utilities,2000000.0,
2022-01-05,Expenses,Apartment II Utilities,1100000.0,
2022-01-06,Expenses,Car Fuel,1000000.0,
2022-01-07,Expenses,Insurance,6950000.0,
2022-01-08,Expenses,Medicine,2500000.0,
2022-01-09,Expenses,Family Grocery (Food etc.),8400000.0,
2022-01-10,Expenses,Shopping,1600000.0,
2022-01-11,Expenses,Fun & Entertainment,900000.0,
2022-01-12,Expenses,Kid School Fee,0.0,
2022-01-16,Income,Salary A,17500000.0,
2022-01-17,Income,Salary B,0.0,
2022-01-18,Income,Apartment I Rental,0.0,
2022-01-19,Income,Mandarin Tuition,3000000.0,
2022-01-25,Expenses,Afterschool Lesson,0.0,
2022-01-26,Expenses,Maid Salary,3200000.0,
2022-01-27,Expenses,Others (5% contingency),1000000.0,
2022-02-01,Expenses,Apartment II Rental,3750000.0,
2022-02-02,Expenses,Apartment I Service Fee,1200000.0,
2022-02-03,Expenses,Apartment II Service Fee,1450000.0,
2022-02-04,Expenses,Apartment I Utilities,2000000.0,
2022-02-05,Expenses,Apartment II Utilities,1100000.0,
2022-02-06,Expenses,Car Fuel,1000000.0,
2022-02-07,Expenses,Insurance,6950000.0,
2022-02-08,Expenses,Medicine,2500000.0,
2022-02-09,Expenses,Family Grocery (Food etc.),7300000.0,
2022-02-10,Expenses,Shopping,1700000.0,
2022-02-11,Expenses,Fun & Entertainment,0.0,
2022-02-12,Expenses,Kid School Fee,0.0,
2022-02-13,Expenses,Afterschool Lesson,0.0,
2022-02-14,Expenses,Maid Salary,3200000.0,
2022-02-15,Expenses,Others (5% contingency),1000000.0,
2022-02-16,Income,Salary A,17500000.0,
2022-02-17,Income,Salary B,0.0,
2022-02-18,Income,Apartment I Rental,0.0,
2022-02-19,Income,Mandarin Tuition,3000000.0,
2022-03-01,Expenses,Apartment II Rental,3750000.0,
2022-03-02,Expenses,Apartment I Service Fee,1200000.0,
2022-03-03,Expenses,Apartment II Service Fee,1450000.0,
2022-03-04,Expenses,Apartment I Utilities,1900000.0,
2022-03-05,Expenses,Apartment II Utilities,1000000.0,
2022-03-06,Expenses,Car Fuel,1000000.0,
2022-03-07,Expenses,Insurance,6950000.0,
2022-03-08,Expenses,Medicine,2500000.0,
2022-03-09,Expenses,Family Grocery (Food etc.),6700000.0,
2022-03-10,Expenses,Shopping,3100000.0,
2022-03-11,Expenses,Fun & Entertainment,0.0,
2022-03-12,Expenses,Kid School Fee,0.0,
2022-03-13,Expenses,Afterschool Lesson,0.0,
2022-03-14,Expenses,Maid Salary,3200000.0,
2022-03-15,Expenses,Others (5% contingency),1000000.0,
2022-03-16,Income,Salary A,17500000.0,
2022-03-17,Income,Salary B,0.0,
2022-03-18,Income,Apartment I Rental,0.0,
2022-03-19,Income,Mandarin Tuition,3000000.0,
2022-04-01,Expenses,Apartment II Rental,3750000.0,
2022-04-02,Expenses,Apartment I Service Fee,1200000.0,
2022-04-03,Expenses,Apartment II Service Fee,1450000.0,
2022-04-04,Expenses,Apartment I Utilities,1900000.0,
2022-04-05,Expenses,Apartment II Utilities,1350000.0,
2022-04-06,Expenses,Car Fuel,1000000.0,
2022-04-07,Expenses,Insurance,6950000.0,
2022-04-08,Expenses,Medicine,2500000.0,
2022-04-09,Expenses,Family Grocery (Food etc.),6800000.0,
2022-04-10,Expenses,Shopping,1600000.0,
2022-04-11,Expenses,Fun & Entertainment,3300000.0,
2022-04-12,Expenses,Kid School Fee,0.0,
2022-04-13,Expenses,Afterschool Lesson,0.0,
2022-04-14,Expenses,Maid Salary,3200000.0,
2022-04-15,Expenses,Others (5% contingency),6500000.0,
2022-04-16,Income,Salary A,17500000.0,
2022-04-17,Income,Salary B,0.0,
2022-04-18,Income,Apartment I Rental,0.0,
2022-04-19,Income,Mandarin Tuition,3000000.0,
2022-05-01,Expenses,Apartment II Rental,3750000.0,
2022-05-02,Expenses,Apartment I Service Fee,1200000.0,
2022-05-03,Expenses,Apartment II Service Fee,1450000.0,
2022-05-04,Expenses,Apartment I Utilities,2000000.0,
2022-05-05,Expenses,Apartment II Utilities,1100000.0,
2022-05-06,Expenses,Car Fuel,1000000.0,
2022-05-07,Expenses,Insurance,6950000.0,
2022-05-08,Expenses,Medicine,2500000.0,
2022-05-09,Expenses,Family Grocery (Food etc.),7100000.0,
2022-05-10,Expenses,Shopping,1400000.0,
2022-05-11,Expenses,Fun & Entertainment,2000000.0,
2022-05-12,Expenses,Kid School Fee,0.0,
2022-05-13,Expenses,Afterschool Lesson,0.0,
2022-05-14,Expenses,Maid Salary,3200000.0,
2022-05-15,Expenses,Others (5% contingency),4100000.0,
2022-05-16,Income,Salary A,17500000.0,
2022-05-17,Income,Salary B,0.0,
2022-05-18,Income,Apartment I Rental,0.0,
2022-05-19,Income,Mandarin Tuition,3000000.0,
2022-06-01,Expenses,Apartment II Rental,3750000.0,
2022-06-02,Expenses,Apartment I Service Fee,1200000.0,
2022-06-03,Expenses,Apartment II Service Fee,1450000.0,
2022-06-04,Expenses,Apartment I Utilities,700000.0,
2022-06-05,Expenses,Apartment II Utilities,1300000.0,
2022-06-06,Expenses,Car Fuel,1000000.0,
2022-06-07,Expenses,Insurance,6950000.0,
2022-06-08,Expenses,Medicine,2500000.0,
2022-06-09,Expenses,Family Grocery (Food etc.),4300000.0,
2022-06-10,Expenses,Shopping,3600000.0,
2022-06-11,Expenses,Fun & Entertainment,3500000.0,
2022-06-12,Expenses,Kid School Fee,0.0,
2022-06-13,Expenses,Afterschool Lesson,0.0,
2022-06-14,Expenses,Maid Salary,3200000.0,
2022-06-15,Expenses,Others (5% contingency),2500000.0,
2022-06-16,Income,Salary A,17500000.0,
2022-06-17,Income,Salary B,0.0,
2022-06-18,Income,Apartment I Rental,0.0,
2022-06-19,Income,Mandarin Tuition,3000000.0,
2022-07-01,Expenses,Apartment II Rental,3750000.0,
2022-07-02,Expenses,Apartment I Service Fee,1200000.0,
2022-07-03,Expenses,Apartment II Service Fee,1450000.0,
2022-07-04,Expenses,Apartment I Utilities,1000000.0,
2022-07-05,Expenses,Apartment II Utilities,1000000.0,
2022-07-06,Expenses,Car Fuel,1000000.0,
2022-07-07,Expenses,Insurance,6950000.0,
2022-07-08,Expenses,Medicine,2500000.0,
2022-07-09,Expenses,Family Grocery (Food etc.),11600000.0,
2022-07-10,Expenses,Shopping,2300000.0,
2022-07-11,Expenses,Fun & Entertainment,6000000.0,
2022-07-12,Expenses,Kid School Fee,0.0,
2022-07-13,Expenses,Afterschool Lesson,0.0,
2022-07-14,Expenses,Maid Salary,3200000.0,
2022-07-15,Expenses,Others (5% contingency),1300000.0,
2022-07-16,Income,Salary A,17500000.0,
2022-07-17,Income,Salary B,0.0,
2022-07-18,Income,Apartment I Rental,775000.0,
2022-07-19,Income,Mandarin Tuition,3000000.0,
2022-08-01,Expenses,Apartment II Rental,3750000.0,
2022-08-02,Expenses,Apartment I Service Fee,1200000.0,
2022-08-03,Expenses,Apartment II Service Fee,1450000.0,
2022-08-04,Expenses,Apartment I Utilities,1400000.0,
2022-08-05,Expenses,Apartment II Utilities,1200000.0,
2022-08-06,Expenses,Car Fuel,1000000.0,
2022-08-07,Expenses,Insurance,6950000.0,
2022-08-08,Expenses,Medicine,2500000.0,
2022-08-09,Expenses,Family Grocery (Food etc.),8800000.0,
2022-08-10,Expenses,Shopping,4600000.0,
2022-08-11,Expenses,Fun & Entertainment,4700000.0,
2022-08-12,Expenses,Kid School Fee,19300000.0,
2022-08-13,Expenses,Afterschool Lesson,0.0,
2022-08-14,Expenses,Maid Salary,3200000.0,
2022-08-15,Expenses,Others (5% contingency),5600000.0,
2022-08-16,Income,Salary A,17500000.0,
2022-08-17,Income,Salary B,0.0,
2022-08-18,Income,Apartment I Rental,4200000.0,
2022-08-19,Income,Mandarin Tuition,3000000.0,
2022-09-01,Expenses,Apartment II Rental,3750000.0,
2022-09-02,Expenses,Apartment I Service Fee,1200000.0,
2022-09-03,Expenses,Apartment II Service Fee,1450000.0,
2022-09-04,Expenses,Apartment I Utilities,1700000.0,
2022-09-05,Expenses,Apartment II Utilities,1400000.0,
2022-09-06,Expenses,Car Fuel,1000000.0,
2022-09-07,Expenses,Insurance,6950000.0,
2022-09-08,Expenses,Medicine,2500000.0,
2022-09-09,Expenses,Family Grocery (Food etc.),12000000.0,
2022-09-10,Expenses,Shopping,9000000.0,
2022-09-11,Expenses,Fun & Entertainment,6000000.0,
2022-09-12,Expenses,Kid School Fee,0.0,
2022-09-13,Expenses,Afterschool Lesson,0.0,
2022-09-14,Expenses,Maid Salary,3200000.0,
2022-09-15,Expenses,Others (5% contingency),5400000.0,
2022-09-16,Income,Salary A,17500000.0,
2022-09-17,Income,Salary B,0.0,
2022-09-18,Income,Apartment I Rental,11500000.0,
2022-09-19,Income,Mandarin Tuition,3000000.0,
2022-10-01,Expenses,Apartment II Rental,3750000.0,
2022-10-02,Expenses,Apartment I Service Fee,1200000.0,
2022-10-03,Expenses,Apartment II Service Fee,1450000.0,
2022-10-04,Expenses,Apartment I Utilities,1700000.0,
2022-10-05,Expenses,Apartment II Utilities,1400000.0,
2022-10-06,Expenses,Car Fuel,1000000.0,
2022-10-07,Expenses,Insurance,6950000.0,
2022-10-08,Expenses,Medicine,2500000.0,
2022-10-09,Expenses,Family Grocery (Food etc.),9500000.0,
2022-10-10,Expenses,Shopping,3000000.0,
2022-10-11,Expenses,Fun & Entertainment,2400000.0,
2022-10-12,Expenses,Kid School Fee,0.0,
2022-10-13,Expenses,Afterschool Lesson,0.0,
2022-10-14,Expenses,Maid Salary,3200000.0,
2022-10-15,Expenses,Others (5% contingency),11000000.0,
2022-10-16,Income,Salary A,17500000.0,
2022-10-17,Income,Salary B,0.0,
2022-10-18,Income,Apartment I Rental,12700000.0,
2022-10-19,Income,Mandarin Tuition,3000000.0,
2022-11-01,Expenses,Apartment II Rental,3750000.0,
2022-11-02,Expenses,Apartment I Service Fee,1200000.0,
2022-11-03,Expenses,Apartment II Service Fee,1450000.0,
2022-11-04,Expenses,Apartment I Utilities,1700000.0,
2022-11-05,Expenses,Apartment II Utilities,1400000.0,
2022-11-06,Expenses,Car Fuel,1000000.0,
2022-11-07,Expenses,Insurance,6950000.0,
2022-11-08,Expenses,Medicine,2500000.0,
2022-11-09,Expenses,Family Grocery (Food etc.),8000000.0,
2022-11-10,Expenses,Shopping,13700000.0,
2022-11-11,Expenses,Fun & Entertainment,4700000.0,
2022-11-12,Expenses,Kid School Fee,0.0,
2022-11-13,Expenses,Afterschool Lesson,0.0,
2022-11-14,Expenses,Maid Salary,3200000.0,
2022-11-15,Expenses,Others (5% contingency),155000.0,
2022-11-16,Income,Salary A,17500000.0,
2022-11-17,Income,Salary B,0.0,
2022-11-18,Income,Apartment I Rental,4400000.0,
2022-11-19,Income,Mandarin Tuition,3000000.0,
2022-12-01,Expenses,Apartment II Rental,3750000.0,
2022-12-02,Expenses,Apartment I Service Fee,1200000.0,
2022-12-03,Expenses,Apartment II Service Fee,1450000.0,
2022-12-04,Expenses,Apartment I Utilities,1700000.0,
2022-12-05,Expenses,Apartment II Utilities,1400000.0,
2022-12-06,Expenses,Car Fuel,1000000.0,
2022-12-07,Expenses,Insurance,6950000.0,
2022-12-08,Expenses,Medicine,2500000.0,
2022-12-09,Expenses,Family Grocery (Food etc.),8000000.0,
2022-12-10,Expenses,Shopping,3400000.0,
2022-12-11,Expenses,Fun & Entertainment,5000000.0,
2022-12-12,Expenses,Kid School Fee,5900000.0,
2022-12-13,Expenses,Afterschool Lesson,800000.0,
2022-12-14,Expenses,Maid Salary,3200000.0,
2022-12-15,Expenses,Others (5% contingency),3700000.0,
2022-12-16,Income,Salary A,17500000.0,
2022-12-17,Income,Salary B,0.0,
2022-12-18,Income,Apartment I Rental,11300000.0,
2022-12-19,Income,Mandarin Tuition,3000000.0,
2023-01-01,Expenses,Apartment II Rental,3750000.0,
2023-01-02,Expenses,Apartment I Service Fee,1200000.0,
2023-01-03,Expenses,Apartment II Service Fee,1450000.0,
2023-01-04,Expenses,Apartment I Utilities,1700000.0,
2023-01-05,Expenses,Apartment II Utilities,1400000.0,
2023-01-06,Expenses,Car Fuel,1000000.0,
2023-01-07,Expenses,Insurance,6950000.0,
2023-01-08,Expenses,Medicine,2500000.0,
2023-01-09,Expenses,Family Grocery (Food etc.),6900000.0,
2023-01-10,Expenses,Shopping,1600000.0,
2023-01-11,Expenses,Fun & Entertainment,5600000.0,
2023-01-12,Expenses,Kid School Fee,0.0,
2023-01-13,Expenses,Afterschool Lesson,600000.0,
2023-01-14,Expenses,Maid Salary,3200000.0,
2023-01-15,Expenses,Others (5% contingency),160000.0,
2023-01-16,Income,Salary A,17500000.0,
2023-01-17,Income,Salary B,19000000.0,
2023-01-18,Income,Apartment I Rental,6100000.0,
2023-01-19,Income,Mandarin Tuition,1000000.0,
2023-02-01,Expenses,Apartment II Rental,3750000.0,
2023-02-02,Expenses,Apartment I Service Fee,1200000.0,
2023-02-03,Expenses,Apartment II Service Fee,1450000.0,
2023-02-04,Expenses,Apartment I Utilities,1500000.0,
2023-02-05,Expenses,Apartment II Utilities,1300000.0,
2023-02-06,Expenses,Car Fuel,1000000.0,
2023-02-07,Expenses,Insurance,6950000.0,
2023-02-08,Expenses,Medicine,2500000.0,
2023-02-09,Expenses,Family Grocery (Food etc.),5700000.0,
2023-02-10,Expenses,Shopping,15000000.0,
2023-02-11,Expenses,Fun & Entertainment,4400000.0,
2023-02-12,Expenses,Kid School Fee,0.0,
2023-02-13,Expenses,Afterschool Lesson,600000.0,
2023-02-14,Expenses,Maid Salary,3200000.0,
2023-02-15,Expenses,Others (5% contingency),1100000.0,
2023-02-16,Income,Salary A,17500000.0,
2023-02-17,Income,Salary B,25000000.0,
2023-02-18,Income,Apartment I Rental,11200000.0,
2023-02-19,Income,Mandarin Tuition,1000000.0,
2023-03-01,Expenses,Apartment II Rental,3750000.0,
2023-03-02,Expenses,Apartment I Service Fee,1200000.0,
2023-03-03,Expenses,Apartment II Service Fee,1450000.0,
2023-03-04,Expenses,Apartment I Utilities,1500000.0,
2023-03-05,Expenses,Apartment II Utilities,1300000.0,
2023-03-06,Expenses,Car Fuel,1000000.0,
2023-03-07,Expenses,Insurance,6950000.0,
2023-03-08,Expenses,Medicine,2500000.0,
2023-03-09,Expenses,Family Grocery (Food etc.),4700000.0,
2023-03-10,Expenses,Shopping,2000000.0,
2023-03-11,Expenses,Fun & Entertainment,11300000.0,
2023-03-12,Expenses,Kid School Fee,0.0,
2023-03-13,Expenses,Afterschool Lesson,600000.0,
2023-03-14,Expenses,Maid Salary,3200000.0,
2023-03-15,Expenses,Others (5% contingency),1000000.0,
2023-03-16,Income,Salary A,17500000.0,
2023-03-17,Income,Salary B,25000000.0,
2023-03-18,Income,Apartment I Rental,10000000.0,
2023-03-19,Income,Mandarin Tuition,1000000.0,
2023-04-01,Expenses,Apartment II Rental,3750000.0,
2023-04-02,Expenses,Apartment I Service Fee,1200000.0,
2023-04-03,Expenses,Apartment II Service Fee,1450000.0,
2023-04-04,Expenses,Apartment I Utilities,1400000.0,
2023-04-05,Expenses,Apartment II Utilities,1300000.0,
2023-04-06,Expenses,Car Fuel,1000000.0,
2023-04-07,Expenses,Insurance,6950000.0,
2023-04-08,Expenses,Medicine,2500000.0,
2023-04-09,Expenses,Family Grocery (Food etc.),4500000.0,
2023-04-10,Expenses,Shopping,2900000.0,
2023-04-11,Expenses,Fun & Entertainment,2900000.0,
2023-04-12,Expenses,Kid School Fee,5900000.0,
2023-04-13,Expenses,Afterschool Lesson,600000.0,
2023-04-14,Expenses,Maid Salary,3200000.0,
2023-04-15,Expenses,Others (5% contingency),0.0,
2023-04-16,Income,Salary A,17500000.0,
2023-04-17,Income,Salary B,25000000.0,
2023-04-18,Income,Apartment I Rental,9700000.0,
2023-04-19,Income,Mandarin Tuition,1000000.0,
2023-05-01,Expenses,Apartment II Rental,3750000.0,
2023-05-01,Income,Mandarin Tuition,4000000.0,
2023-05-02,Expenses,Apartment I Service Fee,1210000.0,
2023-05-03,Expenses,Apartment II Service Fee,1414000.0,
2023-05-04,Expenses,Apartment I Utilities,1281163.0,
2023-05-05,Expenses,Apartment II Utilities,1138411.0,
2023-05-06,Expenses,Car Installment,6700000.0,
2023-05-07,Expenses,Car Fuel,870000.0,
2023-05-08,Expenses,Insurance,6000000.0,
2023-05-09,Expenses,Medicine,1072100.0,
2023-05-10,Expenses,Family Grocery (Food etc.),9392054.0,
2023-05-11,Expenses,Shopping,180100.0,
2023-05-12,Expenses,Fun & Entertainment,2641564.0,
2023-05-13,Expenses,Kid School Fee,6750000.0,
2023-05-14,Expenses,Afterschool Lesson,1417000.0,
2023-05-15,Expenses,Maid Salary,2900000.0,
2023-05-16,Expenses,Others (5% contingency),1226679.0,
2023-05-17,Income,Salary A,17500000.0,
2023-05-18,Income,Salary B,25750000.0,
2023-05-19,Income,Apartment I Rental,11640000.0,
2024-06-02,Expenses,Apartment II Rental,3750000.0,
2024-06-03,Expenses,Apartment I Service Fee,1210000.0,
2024-06-04,Expenses,Apartment II Service Fee,1717000.0,
2024-06-05,Expenses,Apartment I Utilities,1458934.0,
2024-06-06,Expenses,Apartment II Utilities,1089167.0,
2024-06-07,Expenses,Car Installment,6700000.0,
2024-06-08,Expenses,Car Fuel,901000.0,
2024-06-09,Expenses,Insurance,600000.0,
2024-06-10,Expenses,Medicine,1657680.0,
2024-06-11,Expenses,Family Grocery (Food etc.),5484000.0,
2024-06-12,Expenses,Shopping,4701361.0,
2024-06-13,Expenses,Fun & Entertainment,3732296.0,
2024-06-14,Expenses,Kid School Fee,0.0,原表金额为空，已填 0
2024-06-15,Expenses,Afterschool Lesson,1265000.0,
2024-06-16,Expenses,Maid Salary,3125000.0,
2024-06-17,Expenses,Others (5% contingency),500000.0,
2024-06-18,Income,Salary A,17500000.0,
2024-06-19,Income,Salary B,27450000.0,
2024-06-20,Income,Apartment I Rental,1778251.0,
2024-06-21,Income,Mandarin Tuition,900000.0,
2024-06-22,Savings,Saving,2700000.0,
2024-07-01,Expenses,Apartment II Rental,3750000.0,
2024-07-02,Expenses,Apartment I Service Fee,1210000.0,
2024-07-03,Expenses,Apartment II Service Fee,1717000.0,
2024-07-04,Expenses,Apartment I Utilities,1536577.0,
2024-07-05,Expenses,Apartment II Utilities,896913.0,
2024-07-06,Expenses,Car Installment,6700000.0,
2024-07-07,Expenses,Car Fuel,1055000.0,
2024-07-08,Expenses,Insurance,6000000.0,
2024-07-09,Expenses,Medicine,1871588.0,
2024-07-10,Expenses,Family Grocery (Food etc.),7207616.0,
2024-07-11,Expenses,Shopping,3911118.0,
2024-07-12,Expenses,Fun & Entertainment,2329452.0,
2024-07-13,Expenses,Kid School Fee,0.0,原表金额为空，已填 0
2024-07-14,Expenses,Afterschool Lesson,1700000.0,
2024-07-15,Expenses,Maid Salary,2980000.0,
2024-07-16,Expenses,Others (5% contingency),2349500.0,
2024-07-17,Income,Salary A,17500000.0,
2024-07-18,Income,Salary B,39100000.0,
2024-07-19,Income,Apartment I Rental,7210843.0,
2024-07-20,Income,Mandarin Tuition,1800000.0,
2024-07-21,Savings,Saving,21605000.0,
2024-08-01,Expenses,Apartment II Rental,3750000.0,
2024-08-02,Expenses,Apartment I Service Fee,1210000.0,
2024-08-03,Expenses,Apartment II Service Fee,1717000.0,
2024-08-04,Expenses,Apartment I Utilities,1447667.0,
2024-08-05,Expenses,Apartment II Utilities,7720598.0,
2024-08-06,Expenses,Car Installment,6700000.0,
2024-08-07,Expenses,Car Fuel,1501000.0,
2024-08-08,Expenses,Insurance,6000000.0,
2024-08-09,Expenses,Medicine,1362300.0,
2024-08-10,Expenses,Family Grocery (Food etc.),8471458.0,
2024-08-11,Expenses,Shopping,1608878.0,
2024-08-12,Expenses,Fun & Entertainment,2742430.0,
2024-08-13,Expenses,Kid School Fee,0.0,原表金额为空，已填 0
2024-08-14,Expenses,Afterschool Lesson,1765000.0,
2024-08-15,Expenses,Maid Salary,3125000.0,
2024-08-16,Expenses,Others (5% contingency),0.0,原表金额为空，已填 0
2024-08-17,Income,Salary A,17500000.0,
2024-08-18,Income,Salary B,28550000.0,
2024-08-19,Income,Apartment I Rental,4704188.0,
2024-08-20,Income,Mandarin Tuition,2800000.0,
2024-08-21,Savings,Saving,10129500.0,
2024-09-01,Expenses,Apartment II Rental,3750000.0,
2024-09-02,Expenses,Apartment I Service Fee,1210000.0,
2024-09-03,Expenses,Apartment II Service Fee,1717000.0,
2024-09-04,Expenses,Apartment I Utilities,1375325.0,
2024-09-05,Expenses,Apartment II Utilities,1002697.0,
2024-09-06,Expenses,Car Installment,6700000.0,
2024-09-07,Expenses,Car Fuel,2059500.0,
2024-09-08,Expenses,Insurance,6000000.0,
2024-09-09,Expenses,Medicine,761850.0,
2024-09-10,Expenses,Family Grocery (Food etc.),8029100.0,
2024-09-11,Expenses,Shopping,790800.0,
2024-09-12,Expenses,Fun & Entertainment,6289279.0,
2024-09-13,Expenses,Kid School Fee,0.0,原表金额为空，已填 0
2024-09-14,Expenses,Afterschool Lesson,1915000.0,
2024-09-15,Expenses,Maid Salary,3125000.0,
2024-09-16,Expenses,Others (5% contingency),57000.0,
2024-09-17,Income,Salary A,17500000.0,
2024-09-18,Income,Salary B,28525000.0,
2024-09-19,Income,Apartment I Rental,4255741.0,
2024-09-20,Income,Mandarin Tuition,900000.0,
2024-09-21,Savings,Saving,5425000.0,
2024-10-01,Expenses,Apartment II Rental,3750000.0,
2024-10-02,Expenses,Apartment I Service Fee,1210000.0,
2024-10-03,Expenses,Apartment II Service Fee,1717000.0,
2024-10-04,Expenses,Apartment I Utilities,1853133.0,
2024-10-05,Expenses,Apartment II Utilities,915437.0,
2024-10-06,Expenses,Car Installment,6700000.0,
2024-10-07,Expenses,Car Fuel,1725000.0,
2024-10-08,Expenses,Insurance,6000000.0,
2024-10-09,Expenses,Medicine,4469300.0,
2024-10-10,Expenses,Family Grocery (Food etc.),8110121.0,
2024-10-11,Expenses,Shopping,2611400.0,
2024-10-12,Expenses,Fun & Entertainment,3719206.0,
2024-10-13,Expenses,Kid School Fee,0.0,原表金额为空，已填 0
2024-10-14,Expenses,Afterschool Lesson,2610000.0,
2024-10-15,Expenses,Maid Salary,3125000.0,
2024-10-16,Expenses,Others (5% contingency),0.0,原表金额为空，已填 0
2024-10-17,Income,Salary A,17500000.0,
2024-10-18,Income,Salary B,28375000.0,
2024-10-19,Income,Apartment I Rental,12662231.0,
2024-10-20,Income,Mandarin Tuition,2100000.0,
2024-10-21,Savings,Saving,23500000.0,
2024-11-01,Expenses,Apartment II Rental,3750000.0,
2024-11-02,Expenses,Apartment I Service Fee,1210000.0,
2024-11-03,Expenses,Apartment II Service Fee,1717000.0,
2024-11-04,Expenses,Apartment I Utilities,1246620.0,
2024-11-05,Expenses,Apartment II Utilities,1019828.0,
2024-11-06,Expenses,Car Installment,6700000.0,
2024-11-07,Expenses,Car Fuel,2601000.0,
2024-11-08,Expenses,Insurance,6000000.0,
2024-11-09,Expenses,Medicine,2159600.0,
2024-11-10,Expenses,Family Grocery (Food etc.),8028749.0,
2024-11-11,Expenses,Shopping,4703273.0,
2024-11-12,Expenses,Fun & Entertainment,5221842.0,
2024-11-13,Expenses,Kid School Fee,0.0,
2024-11-14,Expenses,Afterschool Lesson,1065000.0,
2024-11-15,Expenses,Maid Salary,2805000.0,
2024-11-16,Expenses,Others (5% contingency),0.0,
2024-11-17,Income,Salary A,17500000.0,
2024-11-18,Income,Salary B,28575000.0,
2024-11-19,Income,Apartment I Rental,8919287.0,
2024-11-20,Income,Mandarin Tuition,1800000.0,
2024-11-21,Savings,Saving,1000000.0,
2024-12-01,Expenses,Apartment II Rental,3750000.0,
2024-12-02,Expenses,Apartment I Service Fee,1210000.0,
2024-12-03,Expenses,Apartment II Service Fee,1717000.0,
2024-12-04,Expenses,Apartment I Utilities,933901.0,
2024-12-05,Expenses,Apartment II Utilities,1151717.0,
2024-12-05,Expenses,Car Installment,6700000.0,
2024-12-06,Expenses,Car Fuel,3321000.0,
2024-12-07,Expenses,Insurance,6000000.0,
2024-12-08,Expenses,Medicine,5426422.0,
2024-12-09,Expenses,Family Grocery (Food etc.),7286413.0,
2024-12-10,Expenses,Shopping,8093210.0,
2024-12-11,Expenses,Fun & Entertainment,13613223.0,
2024-12-12,Expenses,Kid School Fee,0.0,
2024-12-13,Expenses,Afterschool Lesson,4465000.0,
2024-12-14,Expenses,Maid Salary,3010000.0,
2024-12-15,Expenses,Others (5% contingency),1497000.0,
2024-12-16,Income,Salary A,17500000.0,
2024-12-17,Income,Salary B,28080000.0,
2024-12-18,Income,Apartment I Rental,4052328.0,
2024-12-19,Income,Mandarin Tuition,2400000.0,
2024-12-20,Savings,Saving,0.0,
2025-01-01,Expenses,Apartment II Rental,3750000.0,
2025-01-02,Expenses,Apartment I Service Fee,1210000.0,
2025-01-03,Expenses,Apartment II Service Fee,1717000.0,
2025-01-04,Expenses,Apartment I Utilities,1654409.0,
2025-01-05,Expenses,Apartment II Utilities,932376.0,
2025-01-06,Expenses,Car Installment,6700000.0,
2025-01-07,Expenses,Car Fuel,2066000.0,
2025-01-08,Expenses,Insurance,6000000.0,
2025-01-09,Expenses,Medicine,5901657.0,
2025-01-10,Expenses,Family Grocery (Food etc.),11396175.0,
2025-01-11,Expenses,Shopping,4671511.0,
2025-01-12,Expenses,Fun & Entertainment,2883530.0,
2025-01-13,Expenses,Kid School Fee,0.0,原表金额为空，已填 0
2025-01-14,Expenses,Afterschool Lesson,2910000.0,
2025-01-15,Expenses,Maid Salary,2910000.0,
2025-01-16,Expenses,Others (5% contingency),890000.0,
2025-01-17,Income,Salary A,17500000.0,
2025-01-18,Income,Salary B,27635000.0,
2025-01-19,Income,Apartment I Rental,10885782.0,
2025-01-20,Income,Mandarin Tuition,0.0,原表金额为空，已填 0
2025-01-21,Savings,Saving,0.0,原表金额为空，已填 0
2025-02-02,Expenses,Apartment II Rental,3750000.0,
2025-02-03,Expenses,Apartment I Service Fee,1210000.0,
2025-02-04,Expenses,Apartment II Service Fee,0.0,
2025-02-05,Expenses,Apartment I Utilities,1757814.0,
2025-02-06,Expenses,Apartment II Utilities,1232985.0,
2025-02-07,Expenses,Car Installment,6700000.0,
2025-02-08,Expenses,Car Fuel,0.0,
2025-02-09,Expenses,Insurance,6000000.0,
2025-02-10,Expenses,Medicine,4768000.0,
2025-02-11,Expenses,Family Grocery (Food etc.),7734546.0,
2025-02-12,Expenses,Shopping,4233500.0,
2025-02-13,Expenses,Fun & Entertainment,2292967.0,
2025-02-14,Expenses,Kid School Fee,0.0,
2025-02-15,Expenses,Afterschool Lesson,775000.0,
2025-02-16,Expenses,Maid Salary,2910000.0,
2025-02-17,Expenses,Others (5% contingency),120000.0,
2025-02-18,Income,Salary A,17500000.0,
2025-02-19,Income,Salary B,28135000.0,
2025-02-20,Income,Apartment I Rental,7851717.0,
2025-02-21,Income,Mandarin Tuition,900000.0,
2025-02-22,Savings,Saving,5500000.0,
2025-03-01,Expenses,Apartment II Rental,3750000.0,
2025-03-02,Expenses,Apartment I Service Fee,1210000.0,
2025-03-03,Expenses,Apartment II Service Fee,0.0,
2025-03-04,Expenses,Apartment I Utilities,1504760.0,
2025-03-05,Expenses,Apartment II Utilities,1428860.0,
2025-03-06,Expenses,Car Installment,6702500.0,
2025-03-07,Expenses,Car Fuel,1500000.0,
2025-03-08,Expenses,Insurance,6000000.0,
2025-03-09,Expenses,Medicine,2662024.0,
2025-03-10,Expenses,Family Grocery (Food etc.),9810440.0,
2025-03-11,Expenses,Shopping,626901.0,
2025-03-12,Expenses,Fun & Entertainment,5805831.0,
2025-03-13,Expenses,Kid School Fee,43537400.0,
2025-03-14,Expenses,Afterschool Lesson,1305000.0,
2025-03-15,Expenses,Maid Salary,8650841.0,
2025-03-16,Expenses,Others (5% contingency),250000.0,
2025-03-17,Income,Salary A,45780000.0,
2025-03-18,Income,Salary B,27985000.0,
2025-03-19,Income,Apartment I Rental,5251372.0,
2025-03-20,Income,Mandarin Tuition,1200000.0,
2025-03-21,Savings,Saving,0.0,
2025-04-01,Expenses,Apartment II Rental,3750000.0,
2025-04-02,Expenses,Apartment I Service Fee,1210000.0,
2025-04-03,Expenses,Apartment II Service Fee,0.0,
2025-04-04,Expenses,Apartment I Utilities,1640100.0,
2025-04-05,Expenses,Apartment II Utilities,1299826.0,
2025-04-06,Expenses,Car Installment,6702500.0,
2025-04-07,Expenses,Car Fuel,2946000.0,
2025-04-08,Expenses,Insurance,6000000.0,
2025-04-09,Expenses,Medicine,3127200.0,
2025-04-10,Expenses,Family Grocery (Food etc.),8870642.0,
2025-04-11,Expenses,Shopping,2661398.0,
2025-04-12,Expenses,Fun & Entertainment,4953459.0,
2025-04-13,Expenses,Kid School Fee,0.0,
2025-04-14,Expenses,Afterschool Lesson,985000.0,
2025-04-15,Expenses,Maid Salary,427800.0,
2025-04-16,Expenses,Others (5% contingency),665206.0,
2025-04-17,Income,Salary A,17500000.0,
2025-04-18,Income,Salary B,27860000.0,
2025-04-19,Income,Apartment I Rental,8986690.0,
2025-04-20,Income,Mandarin Tuition,2100000.0,
2025-04-21,Savings,Saving,1066409.0,
2025-05-01,Expenses,Apartment II Rental,3750000.0,
2025-05-02,Expenses,Apartment I Service Fee,1210000.0,
2025-05-03,Expenses,Apartment II Service Fee,1565500.0,
2025-05-04,Expenses,Apartment I Utilities,1555321.0,
2025-05-05,Expenses,Apartment II Utilities,1179892.0,
2025-05-06,Expenses,Car Installment,6702500.0,
2025-05-07,Expenses,Car Fuel,2596000.0,
2025-05-08,Expenses,Insurance,6000000.0,
2025-05-09,Expenses,Medicine,4939367.0,
2025-05-10,Expenses,Family Grocery (Food etc.),11950099.0,
2025-05-11,Expenses,Shopping,1748600.0,
2025-05-12,Expenses,Fun & Entertainment,8036130.0,
2025-05-13,Expenses,Kid School Fee,0.0,
2025-05-14,Expenses,Afterschool Lesson,975000.0,
2025-05-15,Expenses,Maid Salary,2990000.0,
2025-05-16,Expenses,Others (5% contingency),330000.0,
2025-05-17,Income,Salary A,17500000.0,
2025-05-18,Income,Salary B,28060000.0,
2025-05-19,Income,Apartment I Rental,5320376.0,
2025-05-20,Income,Mandarin Tuition,2100000.0,
2025-05-21,Savings,Saving,0.0,
2025-06-01,Expenses,Apartment II Rental,3750000.0,
2025-06-02,Expenses,Apartment I Service Fee,1210000.0,
2025-06-03,Expenses,Apartment II Service Fee,1565500.0,
2025-06-04,Expenses,Apartment I Utilities,1632464.0,
2025-06-05,Expenses,Apartment II Utilities,1546411.0,
2025-06-06,Expenses,Car Installment,6702301.0,
2025-06-07,Expenses,Car Fuel,0.0,
2025-06-08,Expenses,Insurance,6000000.0,
2025-06-09,Expenses,Medicine,3642260.0,
2025-06-10,Expenses,Family Grocery (Food etc.),7072240.0,
2025-06-11,Expenses,Shopping,2580660.0,
2025-06-12,Expenses,Fun & Entertainment,5293291.0,
2025-06-13,Expenses,Kid School Fee,0.0,
2025-06-14,Expenses,Afterschool Lesson,675000.0,
2025-06-15,Expenses,Maid Salary,2960000.0,
2025-06-16,Expenses,Others (5% contingency),165690.0,
2025-06-17,Income,Salary A,17500000.0,
2025-06-18,Income,Salary B,27960000.0,
2025-06-19,Income,Apartment I Rental,37568144.0,
2025-06-20,Income,Mandarin Tuition,300000.0,
2025-06-21,Savings,Saving,0.0,
2025-07-01,Expenses,Apartment II Rental,3750000.0,
2025-07-02,Expenses,Apartment I Service Fee,1210000.0,
2025-07-03,Expenses,Apartment II Service Fee,1565500.0,
2025-07-04,Expenses,Apartment I Utilities,0.0,
2025-07-05,Expenses,Apartment II Utilities,1374343.0,
2025-07-06,Expenses,Car Installment,6702500.0,
2025-07-07,Expenses,Car Fuel,545000.0,
2025-07-08,Expenses,Insurance,6000000.0,
2025-07-09,Expenses,Medicine,1369973.0,
2025-07-10,Expenses,Family Grocery (Food etc.),8355852.0,
2025-07-11,Expenses,Shopping,1919800.0,
2025-07-12,Expenses,Fun & Entertainment,3796620.0,
2025-07-13,Expenses,Kid School Fee,0.0,
2025-07-14,Expenses,Afterschool Lesson,1975000.0,
2025-07-15,Expenses,Maid Salary,2600000.0,
2025-07-16,Expenses,Others (5% contingency),295000.0,
2025-07-17,Income,Salary A,17500000.0,
2025-07-18,Income,Salary B,27960000.0,
2025-07-19,Income,Apartment I Rental,0.0,
2025-07-20,Income,Mandarin Tuition,600000.0,
2025-07-21,Savings,Saving,0.0,
2025-08-01,Expenses,Apartment II Rental,3750000.0,
2025-08-02,Expenses,Apartment I Service Fee,1210000.0,
2025-08-03,Expenses,Apartment II Service Fee,1565500.0,
2025-08-04,Expenses,Apartment I Utilities,0.0,
2025-08-05,Expenses,Apartment II Utilities,1106609.0,
2025-08-06,Expenses,Car Installment,6702500.0,
2025-08-07,Expenses,Car Fuel,950000.0,
2025-08-08,Expenses,Insurance,6000000.0,
2025-08-09,Expenses,Medicine,1076600.0,
2025-08-10,Expenses,Family Grocery (Food etc.),8820601.0,
2025-08-11,Expenses,Shopping,1830200.0,
2025-08-12,Expenses,Fun & Entertainment,5328547.0,
2025-08-13,Expenses,Kid School Fee,0.0,
2025-08-14,Expenses,Afterschool Lesson,2695000.0,
2025-08-15,Expenses,Maid Salary,2700000.0,
2025-08-16,Expenses,Others (5% contingency),631803.0,
2025-08-17,Income,Salary A,17500000.0,
2025-08-18,Income,Salary B,29635000.0,
2025-08-19,Income,Apartment I Rental,0.0,
2025-08-20,Income,Mandarin Tuition,600000.0,
2025-08-21,Savings,Saving,0.0,
2025-09-01,Expenses,Apartment II Rental,3750000.0,
2025-09-02,Expenses,Apartment I Service Fee,1210000.0,
2025-09-03,Expenses,Apartment II Service Fee,1565500.0,
2025-09-04,Expenses,Apartment I Utilities,0.0,
2025-09-05,Expenses,Apartment II Utilities,1277117.0,
2025-09-06,Expenses,Car Installment,6700000.0,
2025-09-07,Expenses,Car Fuel,1883000.0,
2025-09-08,Expenses,Insurance,6000000.0,
2025-09-09,Expenses,Medicine,3737045.0,
2025-09-10,Expenses,Family Grocery (Food etc.),8420600.0,
2025-09-11,Expenses,Shopping,2447074.0,
2025-09-12,Expenses,Fun & Entertainment,2300603.0,
2025-09-13,Expenses,Kid School Fee,0.0,
2025-09-14,Expenses,Afterschool Lesson,1125000.0,
2025-09-15,Expenses,Maid Salary,2880000.0,
2025-09-16,Expenses,Others (5% contingency),10443782.0,
2025-09-17,Income,Salary A,17500000.0,
2025-09-18,Income,Salary B,29585000.0,
2025-09-19,Income,Apartment I Rental,0.0,
2025-09-20,Income,Mandarin Tuition,2100000.0,
2025-09-21,Savings,Saving,0.0,
2025-10-01,Expenses,Apartment II Rental,3750000.0,
2025-10-02,Expenses,Apartment I Service Fee,1210000.0,
2025-10-03,Expenses,Apartment II Service Fee,1565500.0,
2025-10-04,Expenses,Apartment I Utilities,0.0,
2025-10-05,Expenses,Apartment II Utilities,1202986.0,
2025-10-06,Expenses,Car Installment,6702500.0,
2025-10-07,Expenses,Car Fuel,2451000.0,
2025-10-08,Expenses,Insurance,6000000.0,
2025-10-09,Expenses,Medicine,1908200.0,
2025-10-10,Expenses,Family Grocery (Food etc.),8452568.0,
2025-10-11,Expenses,Shopping,3168100.0,
2025-10-12,Expenses,Fun & Entertainment,1826900.0,
2025-10-13,Expenses,Kid School Fee,0.0,
2025-10-14,Expenses,Afterschool Lesson,995000.0,
2025-10-15,Expenses,Maid Salary,2700000.0,
2025-10-16,Expenses,Others (5% contingency),586900.0,
2025-10-17,Income,Salary A,17500000.0,
2025-10-18,Income,Salary B,29460000.0,
2025-10-19,Income,Apartment I Rental,0.0,
2025-10-20,Income,Mandarin Tuition,7500000.0,
2025-11-01,Expenses,Apartment II Rental,3750000.0,
2025-11-02,Expenses,Apartment I Service Fee,1210000.0,
2025-11-03,Expenses,Apartment II Service Fee,1565500.0,
2025-11-04,Expenses,Apartment I Utilities,0.0,
2025-11-05,Expenses,Apartment II Utilities,1127677.0,
2025-11-06,Expenses,Car Installment,6702500.0,
2025-11-07,Expenses,Car Fuel,500000.0,
2025-11-08,Expenses,Insurance,6000000.0,
2025-11-09,Expenses,Medicine,0.0,
2025-11-10,Expenses,Family Grocery (Food etc.),8392060.0,
2025-11-12,Expenses,Shopping,1520000.0,
2025-11-13,Expenses,Fun & Entertainment,729195.0,
2025-11-14,Expenses,Kid School Fee,0.0,
2025-11-15,Expenses,Afterschool Lesson,695000.0,
2025-11-16,Expenses,Maid Salary,2730000.0,
2025-11-17,Expenses,Others (5% contingency),663278.0,
2025-11-18,Income,Salary A,17500000.0,
2025-11-19,Income,Salary B,29636000.0,
2025-11-20,Income,Apartment I Rental,0.0,
2025-11-21,Income,Mandarin Tuition,6300000.0,
2025-12-01,Expenses,Apartment II Rental,3750000.0,
2025-12-02,Expenses,Apartment I Service Fee,1210000.0,
2025-12-03,Expenses,Apartment II Service Fee,1565500.0,
2025-12-04,Expenses,Apartment I Utilities,0.0,
2025-12-05,Expenses,Apartment II Utilities,1031266.0,
2025-12-06,Expenses,Car Installment,6702500.0,
2025-12-07,Expenses,Car Fuel,1441000.0,
2025-12-08,Expenses,Insurance,6000000.0,
2025-12-09,Expenses,Medicine,0.0,
2025-12-10,Expenses,Family Grocery (Food etc.),8232225.0,
2025-12-11,Expenses,Shopping,1700000.0,
2025-12-12,Expenses,Fun & Entertainment,2567417.0,
2025-12-13,Expenses,Kid School Fee,17400000.0,
2025-12-14,Expenses,Afterschool Lesson,-95000.0,
2025-12-15,Expenses,Maid Salary,2760000.0,
2025-12-16,Expenses,Others (5% contingency),0.0,
2025-12-17,Income,Salary A,17500000.0,
2025-12-18,Income,Salary B,29460360.0,
2025-12-19,Income,Apartment I Rental,-1974135.0,
2025-12-20,Income,Mandarin Tuition,0.0,原表金额为空，已填 0
2026-01-01,Expenses,Apartment II Rental,3750000.0,
2026-01-02,Expenses,Apartment I Service Fee,1210000.0,
2026-01-03,Expenses,Apartment II Service Fee,1565500.0,
2026-01-04,Expenses,Apartment I Utilities,0.0,
2026-01-05,Expenses,Apartment II Utilities,1170811.0,
2026-01-06,Expenses,Car Installment,6702500.0,
2026-01-07,Expenses,Car Fuel,1857220.0,
2026-01-08,Expenses,Insurance,6000000.0,
2026-01-09,Expenses,Medicine,2006577.0,
2026-01-10,Expenses,Family Grocery (Food etc.),7923772.0,
2026-01-11,Expenses,Shopping,3151986.0,
2026-01-12,Expenses,Fun & Entertainment,3352884.0,
2026-01-13,Expenses,Kid School Fee,0.0,
2026-01-14,Expenses,Afterschool Lesson,5860000.0,
2026-01-15,Expenses,Maid Salary,2830000.0,
2026-01-16,Expenses,Others (5% contingency),-34238769.0,
2026-01-17,Income,Salary A,17500000.0,
2026-01-18,Income,Salary B,29210000.0,
2026-01-19,Income,Apartment I Rental,2267948.0,
2026-01-20,Income,Mandarin Tuition,7100000.0,
2026-02-02,Expenses,Apartment II Rental,3750000.0,
2026-02-03,Expenses,Apartment I Service Fee,0.0,
2026-02-04,Expenses,Apartment II Service Fee,1565500.0,
2026-02-05,Expenses,Apartment I Utilities,0.0,
2026-02-06,Expenses,Apartment II Utilities,984264.0,
2026-02-07,Expenses,Car Installment,6702500.0,
2026-02-08,Expenses,Car Fuel,1000000.0,
2026-02-09,Expenses,Insurance,6000000.0,
2026-02-10,Expenses,Medicine,1726725.0,
2026-02-11,Expenses,Family Grocery (Food etc.),10163978.0,
2026-02-12,Expenses,Shopping,1582909.0,
2026-02-13,Expenses,Fun & Entertainment,4002432.0,
2026-02-14,Expenses,Kid School Fee,0.0,
2026-02-15,Expenses,Afterschool Lesson,4837560.0,
2026-02-16,Expenses,Maid Salary,4930000.0,
2026-02-17,Expenses,Others (5% contingency),-8805073.0,
2026-02-18,Income,Salary A,17500000.0,
2026-02-19,Income,Salary B,29560000.0,
2026-02-20,Income,Apartment I Rental,477474.0,
2026-02-21,Income,Mandarin Tuition,7500000.0,
2026-02-22,Savings,Saving,2000000.0,
2026-03-01,Expenses,Apartment II Rental,3750000.0,
2026-03-02,Expenses,Apartment I Service Fee,0.0,
2026-03-03,Expenses,Apartment II Service Fee,1565500.0,
2026-03-04,Expenses,Apartment I Utilities,0.0,
2026-03-05,Expenses,Apartment II Utilities,1162414.0,
2026-03-06,Expenses,Car Installment,6702500.0,
2026-03-07,Expenses,Car Fuel,2338458.0,
2026-03-08,Expenses,Insurance,6000000.0,
2026-03-09,Expenses,Medicine,3516288.0,
2026-03-10,Expenses,Family Grocery (Food etc.),11030556.0,
2026-03-11,Expenses,Shopping,1500000.0,
2026-03-12,Expenses,Fun & Entertainment,5881631.0,
2026-03-13,Expenses,Kid School Fee,0.0,
2026-03-14,Expenses,Afterschool Lesson,1724500.0,
2026-03-15,Expenses,Maid Salary,4490000.0,原记录日期异常(1900-03-15)，已更正为2026-03-15
2026-03-16,Expenses,Others (5% contingency),571750.0,
2026-03-17,Income,Salary A,17500000.0,
2026-03-18,Income,Salary B,29385000.0,
2026-03-19,Income,Apartment I Rental,0.0,
2026-03-20,Income,Mandarin Tuition,350000.0,
2026-03-21,Savings,Saving,17000000.0,
2026-04-01,Expenses,Apartment II Rental,3750000.0,
2026-04-02,Expenses,Apartment I Service Fee,0.0,
2026-04-03,Expenses,Apartment II Service Fee,1565500.0,
2026-04-04,Expenses,Apartment I Utilities,0.0,
2026-04-05,Expenses,Apartment II Utilities,869669.0,
2026-04-06,Expenses,Car Installment,6702500.0,
2026-04-07,Expenses,Car Fuel,1250000.0,
2026-04-08,Expenses,Insurance,6000000.0,
2026-04-09,Expenses,Medicine,118650.0,
2026-04-10,Expenses,Family Grocery (Food etc.),10697885.0,
2026-04-11,Expenses,Shopping,1023973.0,
2026-04-12,Expenses,Fun & Entertainment,7135571.0,
2026-04-13,Expenses,Kid School Fee,0.0,
2026-04-14,Expenses,Afterschool Lesson,2154000.0,
2026-04-15,Expenses,Maid Salary,1635000.0,
2026-04-16,Expenses,Others (5% contingency),198625.0,
2026-04-17,Income,Salary A,17500000.0,
2026-04-18,Income,Salary B,29460000.0,
2026-04-19,Income,Apartment I Rental,0.0,
2026-04-20,Income,Mandarin Tuition,9350000.0,
2026-04-21,Savings,Saving,0.0,
2026-05-01,Expenses,Apartment II Rental,3750000.0,
2026-05-02,Expenses,Apartment I Service Fee,0.0,
2026-05-03,Expenses,Apartment II Service Fee,1565500.0,
2026-05-04,Expenses,Apartment I Utilities,0.0,
2026-05-05,Expenses,Apartment II Utilities,1147617.0,
2026-05-06,Expenses,Car Installment,6702500.0,
2026-05-07,Expenses,Car Fuel,3045000.0,
2026-05-08,Expenses,Insurance,6000000.0,
2026-05-09,Expenses,Medicine,1306040.0,
2026-05-10,Expenses,Family Grocery (Food etc.),8911128.0,
2026-05-11,Expenses,Shopping,1700000.0,
2026-05-12,Expenses,Fun & Entertainment,5467095.0,
2026-05-13,Expenses,Kid School Fee,0.0,
2026-05-14,Expenses,Afterschool Lesson,1885500.0,
2026-05-15,Expenses,Maid Salary,2903000.0,
2026-05-16,Expenses,Others (5% contingency),6680000.0,
2026-05-16,Expenses,Others (5% contingency),0.0,
2026-05-17,Income,Salary A,17500000.0,
2026-05-18,Income,Salary B,29460000.0,
2026-05-19,Income,Apartment I Rental,999700.0,
2026-05-20,Income,Mandarin Tuition,7400000.0,
2026-05-21,Savings,Saving,3000000.0,
2026-06-01,Expenses,Apartment II Rental,3750000.0,
2026-06-02,Expenses,Apartment I Service Fee,0.0,
2026-06-03,Expenses,Apartment II Service Fee,1565500.0,
2026-06-04,Expenses,Apartment I Utilities,0.0,
2026-06-05,Expenses,Apartment II Utilities,1147617.0,
2026-06-06,Expenses,Car Installment,450000.0,
2026-06-07,Expenses,Car Fuel,6000000.0,
2026-06-08,Expenses,Insurance,5644602.0,
2026-06-09,Expenses,Medicine,0.0,
2026-06-10,Expenses,Family Grocery (Food etc.),5644602.0,
2026-06-11,Expenses,Shopping,78000.0,
2026-06-12,Expenses,Fun & Entertainment,2278772.0,
2026-06-13,Expenses,Kid School Fee,0.0,
2026-06-14,Expenses,Afterschool Lesson,1176500.0,
2026-06-15,Expenses,Maid Salary,2750000.0,
2026-06-17,Income,Salary A,17500000.0,
2026-06-18,Income,Salary B,29360000.0,
2026-06-19,Income,Apartment I Rental,0.0,
2026-06-20,Income,Mandarin Tuition,350000.0,
2026-06-21,Savings,Saving,0.0,
2026-07-01,Expenses,Apartment II Rental,3750000.0,
2026-07-02,Expenses,Apartment I Service Fee,0.0,
2026-07-03,Expenses,Apartment II Service Fee,1565500.0,
2026-07-04,Expenses,Apartment I Utilities,0.0,
2026-07-05,Expenses,Apartment II Utilities,1059341.0,
2026-07-06,Expenses,Car Installment,6702500.0,
2026-07-07,Expenses,Car Fuel,900000.0,
2026-07-08,Expenses,Insurance,6000000.0,
2026-07-09,Expenses,Medicine,532000.0,
2026-07-10,Expenses,Family Grocery (Food etc.),9646382.0,
2026-07-11,Expenses,Shopping,2299282.0,
2026-07-12,Expenses,Fun & Entertainment,2270200.0,
2026-07-13,Expenses,Kid School Fee,0.0,
2026-07-14,Expenses,Afterschool Lesson,4095000.0,
2026-07-15,Expenses,Maid Salary,150000.0,
2026-07-16,Expenses,Others (5% contingency),18000.0,
2026-07-17,Income,Salary A,17500000.0,
2026-07-18,Income,Salary B,41160000.0,
2026-07-19,Income,Apartment I Rental,0.0,
2026-07-20,Income,Mandarin Tuition,5350000.0,
2026-07-21,Savings,Saving,0.0,
2026-08-01,Expenses,Apartment II Rental,3750000.0,
2026-08-02,Expenses,Apartment I Service Fee,0.0,
2026-08-03,Expenses,Apartment II Service Fee,1565500.0,
2026-08-04,Expenses,Apartment I Utilities,0.0,
2026-08-05,Expenses,Apartment II Utilities,1059341.0,
2026-08-06,Expenses,Car Installment,6702500.0,
2026-08-07,Expenses,Car Fuel,2587480.0,
2026-08-08,Expenses,Insurance,6000000.0,
2026-08-09,Expenses,Medicine,5829600.0,
2026-08-10,Expenses,Family Grocery (Food etc.),11940116.0,
2026-08-11,Expenses,Shopping,3463800.0,
2026-08-12,Expenses,Fun & Entertainment,1983430.0,
2026-08-13,Expenses,Kid School Fee,0.0,
2026-08-14,Expenses,Afterschool Lesson,3616000.0,
2026-08-15,Expenses,Maid Salary,3053000.0,
2026-08-16,Expenses,Others (5% contingency),0.0,原表金额为空，已填 0
2026-08-17,Income,Salary A,17500000.0,
2026-08-18,Income,Salary B,30590000.0,
2026-08-19,Income,Apartment I Rental,0.0,
2026-08-20,Income,Mandarin Tuition,4000000.0,
2026-08-21,Savings,Saving,230018462.0,
